<?xml version="1.0" encoding="UTF-8" standalone="no"?>
<Entities>
    <ExtensionPackages>
        <ExtensionPackage dependsOn="" description="" minimumThingWorxVersion="8.5.0" name="CustomHighChart" packageVersion="3.6.0" vendor="E3PS">
            
        </ExtensionPackage>
    </ExtensionPackages>
    <Widgets>
        <Widget name="customhighchart">
            <UIResources>
                <FileResource description="highcharts" file="lib/highcharts.js" isDevelopment="true" isRuntime="true" type="JS"/>
                <FileResource description="highcharts-more" file="lib/highcharts-more.js" isDevelopment="true" isRuntime="true" type="JS"/>
                <FileResource description="modules/solid-gauge" file="lib/modules/solid-gauge.js" isDevelopment="true" isRuntime="true" type="JS"/>
                <FileResource description="modules/heatmap" file="lib/modules/heatmap.js" isDevelopment="true" isRuntime="true" type="JS"/>
                <FileResource description="modules/bullet" file="lib/modules/bullet.js" isDevelopment="true" isRuntime="true" type="JS"/>
                <FileResource description="ResizeSensor" file="lib/ResizeSensor.js" isDevelopment="true" isRuntime="true" type="JS"/>
                <FileResource description="ResizeSensor" file="lib/modules/drilldown.js" isDevelopment="true" isRuntime="true" type="JS"/>
                <FileResource description="exporting" file="lib/modules/exporting.js" isDevelopment="true" isRuntime="true" type="JS"/>
                <FileResource description="export-data" file="lib/modules/export-data.js" isDevelopment="true" isRuntime="true" type="JS"/>
                <FileResource description="" file="customhighchart.ide.js" isDevelopment="true" isRuntime="false" type="JS"/>
                <FileResource description="" file="customhighchart.ide.css" isDevelopment="true" isRuntime="false" type="CSS"/>
                <FileResource description="" file="customhighchart.runtime.js" isDevelopment="false" isRuntime="true" type="JS"/>
                <FileResource description="" file="customhighchart.runtime.css" isDevelopment="false" isRuntime="true" type="CSS"/>
                <FileResource description="" file="customhighchart.dialog.ide.js" isDevelopment="true" isRuntime="false" type="JS"/>
            </UIResources>
        </Widget>
    </Widgets>
</Entities>
